Keyword,Volume,Competition,SERP_Difficulty,Content_Type,Existing_Content,Opportunity_Score,Bid Low,Bid High
sovereign ai,5000,Low,Low,Review/Explainer,/why-deai/the-case-for-sovereign-ai/,30000.0,3.02,11.05
venice ai review,5000,Low,Low-Medium,Review,/projects/venice/,20000.0,,
peaq review,5000,Low,Low-Medium,Review,/projects/peaq/,20000.0,0.43,1.31
bittensor halving,500,Low,Low,Event Analysis,/projects/bittensor/,3000.0,,
what is deai,500,Low,Low,Explainer,/why-deai/,3000.0,,
what is sovereign ai,500,Low,Low,Explainer,/why-deai/the-case-for-sovereign-ai/,3000.0,2.86,8.11
venice ai uncensored,500,Low,Low,Review/Explainer,/projects/venice/,3000.0,,
ai crypto coins,5000,Medium,High,Review/Explainer,New content needed,2500.0,0.49,1.19
flux review,500,Medium,Low-Medium,Review,/projects/flux/,2000.0,,
morpheus review,500,Low,Low-Medium,Review,/projects/morpheus/,2000.0,0.03,1.61
render gpu mining,50,Low,Low,Tutorial,/projects/render/,300.0,,
grass bandwidth sharing,50,Low,Low,Review/Explainer,/projects/grass/,300.0,,
flux gpu mining,50,N/A,Low,Tutorial,/projects/flux/,300.0,,
render staking,50,Low,Low,Review/Explainer,/projects/render/,300.0,,
elizaos ai agent,50,Low,Low,Review/Explainer,/projects/elizaos/,300.0,,
depin tokens list,50,N/A,Low,Tokenomics,/resources/project-directory/,300.0,,
how does morpheus work,50,Low,Low,Review/Explainer,/projects/morpheus/,300.0,0.04,3.47
bittensor vs render,50,Low,Low,Comparison,/projects/bittensor/,300.0,,
venice ai private ai,50,Low,Low,Review/Explainer,/projects/venice/,300.0,,
bittensor halving 2025,50,Low,Low,Event Analysis,/projects/bittensor/,300.0,,
aethir node,50,Low,Low,Review/Explainer,/projects/aethir/,300.0,,
render vs akash,50,Low,Low,Comparison,/projects/render/,300.0,,
akash vs render,50,Low,Low,Comparison,/projects/render/,300.0,,
virtuals protocol ai agent,50,Low,Low,Review/Explainer,/projects/virtuals/,300.0,,
gpu mining crypto,500,Low,High,Tutorial,New content needed,250.0,1.04,8.39
best ai crypto to buy,500,Low,High,List/Ranking,New content needed,250.0,0.67,10.7
render network review,50,Low,Low-Medium,Review,/projects/render/,200.0,,
golem network review,50,Low,Low-Medium,Review,/projects/golem/,200.0,,
grass tokenomics,50,Low,Low-Medium,Tokenomics,/projects/grass/,200.0,,
peaq tokenomics,50,Low,Low-Medium,Tokenomics,/projects/peaq/,200.0,,
phala network review,50,N/A,Low-Medium,Review,/projects/phala/,200.0,,
phala tokenomics,50,N/A,Low-Medium,Tokenomics,/projects/phala/,200.0,,
flux tokenomics,50,Low,Low-Medium,Tokenomics,/projects/flux/,200.0,,
origintrail tokenomics,50,Low,Low-Medium,Tokenomics,/projects/origintrail/,200.0,,
virtuals tokenomics,50,Low,Low-Medium,Tokenomics,/projects/virtuals/,200.0,,
flock tokenomics,50,Low,Low-Medium,Tokenomics,/projects/flock/,200.0,,
akash network review,50,Low,Low-Medium,Review,/projects/akash/,200.0,,
fetch ai tokenomics,50,Low,Low-Medium,Tokenomics,/projects/fetch-asi/,200.0,,
aethir tokenomics,50,Low,Low-Medium,Tokenomics,/projects/aethir/,200.0,,
origintrail review,50,N/A,Low-Medium,Review,/projects/origintrail/,200.0,,
fet tokenomics,50,Low,Low-Medium,Tokenomics,/projects/fetch-asi/,200.0,,
how to earn grass,50,N/A,Low-Medium,Tutorial,/projects/grass/,200.0,,
ocean tokenomics,50,Low,Low-Medium,Tokenomics,/projects/ocean/,200.0,,
oasis tokenomics,50,Low,Low-Medium,Tokenomics,/projects/oasis-network/,200.0,,
how to use venice ai,50,Low,Low-Medium,Tutorial,/projects/venice/,200.0,,
oasis network review,50,Low,Low-Medium,Review,/projects/oasis-network/,200.0,,
io net earnings,50,Low,Low-Medium,Tutorial,/projects/io-net/,200.0,,
nosana tokenomics,50,Low,Low-Medium,Tokenomics,/projects/nosana/,200.0,,
io net review,50,Low,Low-Medium,Review,/projects/io-net/,200.0,,
io net tokenomics,50,Low,Low-Medium,Tokenomics,/projects/io-net/,200.0,,
iotex review,50,N/A,Low-Medium,Review,/projects/iotex/,200.0,,
iotex tokenomics,50,Low,Low-Medium,Tokenomics,/projects/iotex/,200.0,,
nillion tokenomics,50,Low,Low-Medium,Tokenomics,/projects/nillion/,200.0,,
aethir review,50,Low,Low-Medium,Review,/projects/aethir/,200.0,,
fetch ai review,50,Low,Low-Medium,Review,/projects/fetch-asi/,200.0,,
near tokenomics,50,Low,Low-Medium,Tokenomics,/projects/near/,200.0,,
render tokenomics,50,Low,Low-Medium,Tokenomics,/projects/render/,200.0,,
akash tokenomics,50,Low,Low-Medium,Tokenomics,/projects/akash/,200.0,,
bittensor review,50,Low,Low-Medium,Review,/projects/bittensor/,200.0,,
cookie tokenomics,50,N/A,Low-Medium,Tokenomics,/projects/cookie-dao/,200.0,,
virtuals protocol review,50,N/A,Low-Medium,Review,/projects/virtuals/,200.0,,
sahara ai tokenomics,50,Low,Low-Medium,Tokenomics,/projects/sahara/,200.0,,
vana tokenomics,50,Low,Low-Medium,Tokenomics,/projects/vana/,200.0,,
sentient review,50,Low,Low-Medium,Review,/projects/sentient/,200.0,,
tao token price prediction,50,Low,Low,Tokenomics,New content needed,150.0,,
ai decentralization,50,Low,Low,Review/Explainer,New content needed,150.0,,
asi token merger,50,Low,Low,Tokenomics,New content needed,150.0,,
ai infrastructure crypto,50,Low,Low,Review/Explainer,New content needed,150.0,,
gpu crypto tokens,50,N/A,Low,Tokenomics,New content needed,150.0,,
trac tokenomics,50,N/A,Low-Medium,Tokenomics,New content needed,100.0,,
io tokenomics,50,N/A,Low-Medium,Tokenomics,New content needed,100.0,,
tao tokenomics,50,Low,Low-Medium,Tokenomics,New content needed,100.0,,
iotx tokenomics,50,Low,Low-Medium,Tokenomics,New content needed,100.0,,
ath tokenomics,50,Low,Low-Medium,Tokenomics,New content needed,100.0,,
nil tokenomics,50,N/A,Low-Medium,Tokenomics,New content needed,100.0,,
how to earn passive income crypto,50,Low,Low-Medium,Tutorial,New content needed,100.0,,
virtual tokenomics,50,Low,Low-Medium,Tokenomics,New content needed,100.0,,
rose tokenomics,50,Low,Low-Medium,Tokenomics,New content needed,100.0,,
akt tokenomics,50,Low,Low-Medium,Tokenomics,New content needed,100.0,,
depin projects list,50,Low,High,List/Ranking,/resources/project-directory/,50.0,,
ai crypto price prediction,50,Low,High,Review/Explainer,New content needed,25.0,,
crypto ai projects,50,Low,High,Review/Explainer,New content needed,25.0,,
theta network review,0,N/A,Low-Medium,Review,/projects/theta-network/,0.0,,
phala private compute,0,N/A,Low,Review/Explainer,/projects/phala/,0.0,,
render staking guide,0,N/A,Low-Medium,Tutorial,/projects/render/,0.0,,
nillion review,0,N/A,Low-Medium,Review,/projects/nillion/,0.0,,
render vs akash vs io net,0,N/A,Low,Comparison,/projects/render/,0.0,,
no vc pre mine tokens,0,N/A,Low,Tokenomics,New content needed,0.0,,
nos tokenomics,0,N/A,Low-Medium,Tokenomics,New content needed,0.0,,
warden protocol review,0,N/A,Low-Medium,Review,/projects/warden/,0.0,,
running local ai models with ollama,0,N/A,Low-Medium,Tutorial,New content needed,0.0,,
sahara ai review,0,N/A,Low-Medium,Review,/projects/sahara/,0.0,,
venice ai guide,0,N/A,Low-Medium,Tutorial,/projects/venice/,0.0,,
vana review,0,N/A,Low-Medium,Review,/projects/vana/,0.0,,
nosana review,0,N/A,Low-Medium,Review,/projects/nosana/,0.0,,
theta network staking,0,N/A,Low,Review/Explainer,/projects/theta-network/,0.0,,
pha tokenomics,0,N/A,Low-Medium,Tokenomics,New content needed,0.0,,
top deai projects,0,N/A,Low,List/Ranking,/why-deai/,0.0,,
ocean protocol data marketplace,0,N/A,Low,Review/Explainer,/projects/ocean/,0.0,,
ocean protocol review,0,N/A,Low-Medium,Review,/projects/ocean/,0.0,,
ocean protocol tutorial,0,N/A,Low-Medium,Review/Explainer,/projects/ocean/,0.0,,
theta tokenomics,0,N/A,Low-Medium,Tokenomics,/projects/theta-network/,0.0,,
near protocol review,0,N/A,Low-Medium,Review,/projects/near/,0.0,,
theta tokenomics,0,N/A,Low-Medium,Tokenomics,/projects/theta-network/,0.0,,
theta staking guide,0,N/A,Low-Medium,Tutorial,/projects/theta-network/,0.0,,
ora protocol review,0,N/A,Low-Medium,Review,/projects/ora/,0.0,,
how to earn with depin,0,N/A,Low-Medium,Tutorial,/resources/project-directory/,0.0,,
near protocol ai,0,N/A,Low,Review/Explainer,/projects/near/,0.0,,
near ai applications,0,N/A,Low,Review/Explainer,/projects/near/,0.0,,
decentralized compute comparison,0,N/A,Low,Comparison,New content needed,0.0,,
decentralised gpu mining guide,0,N/A,Low-Medium,Tutorial,/why-deai/,0.0,,
decentralised gpu mining,0,N/A,Low,Tutorial,/why-deai/,0.0,,
decentralised ai vs centralised ai,0,N/A,Low,Comparison,/why-deai/,0.0,,
decentralised ai tokens,0,N/A,Low,Tokenomics,/why-deai/,0.0,,
decentralised ai explained,0,N/A,Low,Explainer,/why-deai/,0.0,,
deai tokens comparison,0,N/A,Low,Comparison,/why-deai/,0.0,,
deai token comparison,0,N/A,Low,Comparison,/why-deai/,0.0,,
deai projects ranked by returns,0,N/A,Low,Review/Explainer,/why-deai/,0.0,,
deai projects ranked,0,N/A,Low,Review/Explainer,/why-deai/,0.0,,
deai projects comparison,0,N/A,Low,Comparison,/why-deai/,0.0,,
deai investment,0,N/A,Low,Review/Explainer,/why-deai/,0.0,,
crypto ai tokens comparison,0,N/A,Low,Comparison,New content needed,0.0,,
cookie dao review,0,N/A,Low-Medium,Review,/projects/cookie-dao/,0.0,,
centralized ai vs decentralized ai,0,N/A,Low,Comparison,New content needed,0.0,,
burn mint equilibrium explained,0,N/A,Low,Explainer,/tokenomics/burn-mint-equilibrium-what-changes-for-akt/,0.0,,
bittensor vs render vs akash,0,N/A,Low,Comparison,/projects/bittensor/,0.0,,
bittensor vs akash,0,N/A,Low,Comparison,/projects/bittensor/,0.0,,
bittensor tao review,0,N/A,Low-Medium,Review,/projects/bittensor/,0.0,,
best decentralised ai projects,0,N/A,Low,List/Ranking,/why-deai/,0.0,,
best deai projects 2026,0,N/A,Low,List/Ranking,/why-deai/,0.0,,
asi alliance merger,0,N/A,Low,Event Analysis,New content needed,0.0,,
allora network review,0,N/A,Low-Medium,Review,/projects/allora/,0.0,,
akash deployment guide,0,N/A,Low-Medium,Tutorial,/projects/akash/,0.0,,
akash burn mint equilibrium,0,N/A,Low,Review/Explainer,/projects/akash/,0.0,,
ai node setup guide,0,N/A,Low-Medium,Tutorial,New content needed,0.0,,
ai crypto tokens by utility,0,N/A,Low,Tokenomics,New content needed,0.0,,
depin node earnings,0,N/A,Low-Medium,Tutorial,/resources/project-directory/,0.0,,
depin projects 2026,0,N/A,Low,Review/Explainer,/resources/project-directory/,0.0,,
elizaos review,0,N/A,Low-Medium,Review,/projects/elizaos/,0.0,,
aethir node setup guide,0,N/A,Low-Medium,Tutorial,/projects/aethir/,0.0,,
morpheus vs bittensor,0,N/A,Low,Comparison,/projects/bittensor/,0.0,,
morpheus staking guide,0,N/A,Low-Medium,Tutorial,/projects/morpheus/,0.0,,
morpheus mor review,0,N/A,Low-Medium,Review,/projects/morpheus/,0.0,,
mor tokenomics,0,N/A,Low-Medium,Tokenomics,/projects/ora/,0.0,,
mor staking,0,N/A,Low,Review/Explainer,/projects/ora/,0.0,,
io net gpu rental,0,N/A,Low,Review/Explainer,/projects/io-net/,0.0,,
io net gpu mining,0,N/A,Low,Tutorial,/projects/io-net/,0.0,,
intelligent internet review,0,N/A,Low-Medium,Review,New content needed,0.0,,
how to stake render tokens,0,N/A,Low-Medium,Tutorial,/projects/render/,0.0,,
how to stake mor morpheus,0,N/A,Low-Medium,Tutorial,/projects/morpheus/,0.0,,
how to run an ai node,0,N/A,Low-Medium,Tutorial,New content needed,0.0,,
how to run a bittensor subnet miner,0,N/A,Low-Medium,Tutorial,/projects/bittensor/,0.0,,
how to earn io tokens,0,N/A,Low-Medium,Tutorial,New content needed,0.0,,
fair launch crypto tokens,0,N/A,Low,Tokenomics,New content needed,0.0,,
how to deploy on akash network,0,N/A,Low-Medium,Tutorial,/projects/akash/,0.0,,
how to create ai agent virtuals,0,N/A,Low-Medium,Tutorial,/projects/virtuals/,0.0,,
grass network review,0,N/A,Low-Medium,Review,/projects/grass/,0.0,,
grass network earn passive income,0,N/A,Low-Medium,Tutorial,/projects/grass/,0.0,,
golem vs render vs akash,0,N/A,Low,Comparison,/projects/render/,0.0,,
golem vs render,0,N/A,Low,Comparison,/projects/render/,0.0,,
golem vs akash,0,N/A,Low,Comparison,/projects/akash/,0.0,,
golem tokenomics,0,N/A,Low-Medium,Tokenomics,/projects/golem/,0.0,,
glm tokenomics,0,N/A,Low-Medium,Tokenomics,New content needed,0.0,,
gensyn review,0,N/A,Low-Medium,Review,/projects/gensyn/,0.0,,
flock io review,0,N/A,Low-Medium,Review,/projects/flock/,0.0,,
fetch ai vs bittensor,0,N/A,Low,Comparison,/projects/bittensor/,0.0,,
why decentralized ai,0,N/A,Low,Review/Explainer,New content needed,0.0,,
